X,Y,Z
0.09711500663382068,0.09636524668550693,0.18131472318059358
0.2554581305067364,0.06357483684714653,0.1696055490501284
0.8613840953600641,0.7537853384240324,0.807029109678518
0.2719469581439869,0.2911659502327662,0.2884109921267743
0.2892648585200242,0.2586148903112745,0.2982038723874938
0.28130005695259197,0.18303608867056448,0.05659612597318102
0.02120086081632172,0.06524501124551779,0.040040632775450426
0.7145808718265323,0.712209790915554,0.8728452017512461
0.813687915703196,0.7230259587201591,0.8506333708835466
0.759789263503455,0.8942213821150042,0.7160128818659683
0.14130413380780454,0.013148069709384735,0.25682256633068956
0.009080477414806087,0.26991470749022284,0.26482444202716215
0.08105514552906347,0.14532721966073386,0.10432816091917897
0.7301497663615544,0.7988251783592821,0.7273707172378938
0.7992211679333892,0.8189028740224701,0.7392526553792755
0.10011382531782483,0.02542723695818718,0.12717467135747704
0.7962234682434481,0.8311195664354587,0.8786146467818025
0.21087337952383423,0.10225304058218253,0.03855921043401023
0.2072045190467974,0.19386091712802106,0.003926285395113316
0.19673858886532983,0.1376254255064858,0.21953563728500888
0.11325660369459889,0.2835608445335239,0.2394884422651896
0.05438652678446599,0.14884118578282832,0.1847877895328225
0.1894143145965582,0.13386568941386998,0.2229736446253898
0.09831271637043848,0.009013989199805362,0.22676456188417266
0.06897511473466196,0.13092751855213572,0.17131919028277065
0.2879661838720217,0.21626416845426832,0.264922284257595
0.10757294413111741,0.29546300932353414,0.241792392139289
0.8001277610921624,0.7037312054848577,0.887955904223199
0.08273714635958937,0.05653948436569947,0.20082166801920745
0.1403503615112011,0.2779398393406078,0.10649477657474289
0.0851242497940194,0.29219419714128925,0.22841807823918492
0.7790988799946043,0.8453366803664432,0.8174948274254858
0.8062268027330534,0.8910384340855222,0.8574423843028494
0.13727467451711478,0.2958681750899736,0.08962980728420779
0.7179855819057787,0.8421610573299265,0.8253130857007338
0.7990523704148108,0.8931443407817721,0.7035789107937764
0.8233761441720902,0.8799220419720905,0.7433999725948104
0.8449583663224056,0.8688550217808834,0.877031598663981
0.27249924475440224,0.11552990415611226,0.19588339364172982
0.7074572965656675,0.818790226008571,0.7449270743494082
0.811624010303339,0.8566919708847505,0.8104524292622222
0.801075343920693,0.8070658914177457,0.8686761298159453
0.06767763722542035,0.19292346395100665,0.16325681152360333
0.28978317527303754,0.07416530322022276,0.2772260562944573
0.7159807537929702,0.843704912321065,0.7566372989454545
0.7319473233911874,0.7472306601172816,0.7037732449943273
0.002684904744191596,0.03423684782667833,0.0774298663662934
0.8622327081657848,0.7394257378420458,0.7328843281158246
0.0014662457727119271,0.0684694249852065,0.00705838531813191
0.8737624170761541,0.8099822266556397,0.898159644100785
0.8204296643499579,0.7783379743664274,0.8163274340556627
0.7391357589911353,0.726620469910342,0.8206454308357773
0.09572475235518789,0.14963760638450033,0.076072744876012
0.29959495440771444,0.18498884181287384,0.0686740710960664
0.7307526245782816,0.7408544699278811,0.7191020840199116
0.7220569124353929,0.8326445563267089,0.8378056732730047
0.024733560675518372,0.07970286738056233,0.002052057173809041
0.7794608886032699,0.8674031409406058,0.8124577286238153
0.277437987558134,0.08213814214751988,0.12791420180243585
0.8950430475802293,0.8772385481848981,0.8846728163023132
0.16694835920699905,0.16794505044245037,0.15835085101951749
0.12772726249929492,0.1553068239361178,0.19074339303624152
0.042910292361229896,0.2997789713965829,0.007180080460383897
0.7845918317806161,0.7546164684862029,0.8018374912467338
0.05610154009245864,0.15324532180478773,0.2126085755904542
0.8697213093401355,0.8911410196651925,0.7266346859225176
0.19348259719112834,0.2369630575556926,0.0869008577218463
0.2856770974163714,0.05414354267410817,0.2272049408846966
0.08545219988957505,0.20793346564514278,0.2627376608971559
0.7314750040064759,0.728910138033595,0.8970478830443614
0.08514096943228286,0.2009884677902034,0.0004029738734450561
0.05101256356859441,0.24735754880332667,0.020570481429735242
0.00519338095273657,0.06042033512007739,0.21330628981024913
0.2104129211202636,0.1974119191323212,0.2892785556698119
0.006063107154886748,0.032474715577131996,0.24882332970084287
0.8715201898558826,0.7572164057938894,0.7227335163155147
0.8839259973851503,0.7640795192455183,0.7768128984502091
0.049786675186135186,0.024815423720862293,0.0057985069270825584
0.8221228007088495,0.8036427883250807,0.7197056451875989
0.725293645202107,0.7743342918076673,0.7541198839669674
0.8448764587626754,0.7614769656035784,0.8993533355185533
0.22962172417238041,0.17856267657411273,0.01669964241761256
0.8131473757361064,0.7913292803213445,0.8388105296328874
0.8829406921612167,0.8910744880544428,0.7048170588782329
0.8197819997497284,0.7177609895189453,0.8624622059167613
0.7743806717661768,0.7945401248515792,0.8546711935360973
0.09918593843338983,0.08365116320806218,0.018319775733149024
0.2467828753497269,0.2714884705204684,0.12349212645080462
0.7192191415857782,0.8161670379171709,0.7922331598705379
0.21557918431012463,0.26687065244819813,0.24349147086044903
0.7870967342972326,0.8284614402029009,0.8111511100143507
0.10312216501782312,0.18058452345466836,0.1786559361831022
0.8016933069131432,0.7170186761410512,0.8633941105627684
0.8123561624149199,0.817942860765608,0.7517653808306851
0.1703233647103872,0.017964044971572345,0.1580068474301005
0.868847256889054,0.777290531315094,0.7477888054523372
0.7285654446521478,0.7378492352958893,0.869662077003134
0.1374123768235372,0.12971686832655316,0.02731416822661262
0.24570412723197668,0.2565564958448878,0.06389912905478863
0.7712649919967213,0.737299680782866,0.8311344028586618
0.250661405584713,0.05567224476436505,0.06998019058897326
0.05268055526461588,0.28943494789279905,0.013420970681199806
0.07013259166965968,0.26376920113107755,0.15994972505795207
0.11623236346383313,0.19451887615024963,0.21454748195780327
0.822313439900374,0.8574911849245362,0.8715289082148993
0.8473721800865465,0.7699988505396995,0.74862118530096
0.2741580452069727,0.22620087953632867,0.2573986848517246
0.20279774905729073,0.2592996972573012,0.035838443184573944
0.0723520894922571,0.21149377240481748,0.04744466574614677
0.21675111762485685,0.09891948717282024,0.18437867361439172
0.7032610946586892,0.8403092609875507,0.8687862904945025
0.10074073218964893,0.11797633082722021,0.006245589496706061
0.26754125791283523,0.08881311359849417,0.07886477205018624
0.20907221753126953,0.1623843159568492,0.14610573581939082
0.8377419507310218,0.7156997559200534,0.897334837154578
0.7165796572715163,0.7472725636929368,0.8066677383980176
0.783307055921666,0.7746959599142521,0.8774188730755974
0.011950134711652316,0.19108043997064375,0.0161053570265657
0.13038429863104903,0.2591808746769081,0.18255114795596122
0.21658479420826077,0.2909446926004043,0.26419509739092406
0.04013183100404326,0.2782176342765895,0.21243869866039053
0.1956879135612543,0.29645939613581973,0.25715357690632756
0.22236435165740198,0.289573995702468,0.28808483991248307
0.19935117536759125,0.04312033114357917,0.12386309021786152
0.006719157310469869,0.07628605563152178,0.20845650493882553
0.26265619526979056,0.07786393332482869,0.2584003862396541
0.8155249204613801,0.7076417335777201,0.8712800223467198
0.7698427760595272,0.820100357564027,0.834668560333545
0.8991168012931056,0.7612944455769215,0.7894850511339555
0.16138869599390268,0.2231616817978719,0.2721622949371238
0.11541752806788544,0.1958301441422679,0.14499019107976516
0.02415136393518913,0.2274000035393148,0.0846032674720468
0.08336887726221304,0.26676061127164663,0.04018717019388977
0.783792718316791,0.8041618174697949,0.7504584324320939
0.1352381723765491,0.018916718803650655,0.22338151617294427
0.7287096218678357,0.8325755191629742,0.7377835408332819
0.8318568316456764,0.705760592872465,0.8801608171271142
0.08842216569958063,0.21397009378920084,0.053383362475764536
0.7055290918962325,0.763788929315025,0.8698934733035346
0.7901524567265021,0.8591536432642282,0.7082019682364611
0.8597754268094393,0.7764325785757664,0.7880989698792742
0.88060163859396,0.8819503622652118,0.7004700114430502
0.7877296234008646,0.866935591235126,0.7144857490461186
0.2045049679560434,0.2353331560309849,0.19354768146504198
0.09214508737969489,0.1382385802508592,0.23337383363788158
0.882121389825102,0.8776942465251333,0.8507416442584389
0.050666912169686606,0.07062358993287689,0.10878125303402791
0.7209723908248181,0.8592616339392578,0.8294690707260876
0.1631579428140385,0.2116602944092427,0.2875683074112372
0.8710638452481472,0.8869796965616924,0.8971954204971162
0.7752516853232103,0.8179075181363727,0.7357937102866429
0.029682822559701526,0.2751398104629207,0.20084786819722072
0.18102851392158814,0.17096822295835187,0.07718759488169637
0.0023663191342353507,0.1308990686100546,0.035351839317613716
0.8636779715320535,0.8960847020525294,0.860002575359907
0.12956011018637595,0.11251566941829809,0.2611561975969896
0.11413467690387849,0.03692048774209115,0.015583929277013207
0.29756493167148174,0.007284398620987142,0.18711482974145205
0.8327001692606913,0.7014697859215725,0.8704924653938542
0.1889843750443221,0.12142716569978912,0.16516324673170607
0.28444996379470283,0.12321856450754334,0.06657125914254881
0.8102967876843522,0.8781397962427111,0.7616111717653008
0.11120658193538659,0.16491164208500456,0.017864485230433123
0.2157422219164042,0.22239495885799473,0.219348199357203
0.08656468190832159,0.14226253856168392,0.29412505911818737
0.725635863127483,0.7717252200578837,0.8739362730336486
0.7042069697503753,0.7404286067276301,0.8285608401377285
0.023546976665423214,0.19806887798230627,0.09949315755396143
0.8914554421592547,0.8727887705354648,0.7577682863441544
0.2749810541448015,0.1916397165734756,0.1147721368196632
0.03477539557452953,0.05700707332985182,0.2279078606349967
0.8003278316634814,0.8010044273181314,0.741684414191697
0.17755203082502174,0.15782600693287477,0.0810335308987178
0.0901170705096332,0.251841374124284,0.03769531069493832
0.0057356485329958734,0.13153640184942586,0.016552845601359556
0.01837874925527395,0.2656633827257598,0.1517391594389958
0.156807683258455,0.2009327847657721,0.09465955701621638
0.7485932038712311,0.8030326122124203,0.763818887424898
0.735073582963177,0.7827973395230007,0.8681277305913621
0.03563876548296261,0.2474357124789492,0.03923398107586634
0.09768354468812465,0.2234687515446069,0.0748922929370481
0.17102515174490843,0.21063821611020067,0.03199965579792763
0.8544513602127682,0.8107186678455107,0.7396178504781762
0.07813580411209443,0.15422386942370858,0.08138574695382018
0.017258797879570898,0.1584458372926742,0.2806007614308885
0.2349466059009213,0.2634784743175458,0.26602558908953944
0.7889842050201856,0.8707433677909104,0.8128655558147564
0.015324503190232153,0.18085978071907455,0.21692590138579132
0.10824072685545107,0.18915406159616785,0.026588376467972286
0.1843792135116336,0.25994405863143105,0.07906628516384183
0.851795789535033,0.8413959081663549,0.8393613121858642
0.7218868530100768,0.8754045773179087,0.7327486996442155
0.8137603004026109,0.7142145158785864,0.7359800886095429
0.06291371172087389,0.0921161370518308,0.14409922279294543
0.059069840792174366,0.03248753868335715,0.11626270962116442
0.8768757287530665,0.7083686350879828,0.7876731085287207
0.7513775794260682,0.8907880921390766,0.7062681606075423
0.7154893416690452,0.7212789659238421,0.7669003384572018
0.15507317642872806,0.2400227169294418,0.20087865810175876
0.7223921840826094,0.7458660374212719,0.885069009436809
0.09154341558393596,0.1714309690878237,0.08688610145396003
0.053588614856529236,0.09472883331249592,0.2706508827156676
0.7461473939304208,0.8281081186283205,0.7444873577983172
0.7326612168738506,0.8030851604524873,0.8279431563393499
0.7555005837283315,0.7552824740567584,0.7287223008255395
0.7271138353349408,0.8654856963089942,0.8226608437278365
0.8313503461520998,0.8272027184045331,0.8673551629929185
0.7221103536855824,0.8911690651444824,0.7434138061938184
0.22815138262403406,0.16449113610327165,0.17116537223660636
0.7269079892979889,0.7395402691165847,0.7216946354540452
0.2717926416371573,0.08682121662076439,0.10351725062098296
0.8409311305977246,0.7117990635589444,0.7291653054230482
0.2969798620539535,0.2614925083580652,0.19998593184590568
0.8003980900818854,0.8886565299994005,0.8502295739786703
0.2366719720090323,0.002696229689279472,0.2177770823883299
0.28090347962311435,0.21836478289182945,0.25890211339139957
0.8756565243615657,0.8233147492095554,0.8466571395870192
0.8217428963169527,0.7136685123249839,0.7780950023921466
0.7638918572434256,0.870148157185061,0.7493533721901686
0.7269877590066461,0.7428318860772982,0.8528239812605279
0.7660808128640786,0.8473543854848539,0.7678744489550046
0.7616090718385485,0.7275213729921584,0.8500892478683101
0.7917407845919731,0.8504735348387552,0.7013346048088852
0.8852546824875369,0.7068157710587422,0.7311070369675711
0.24685525312765985,0.24973193346089598,0.1348924480859857
0.25616467508855906,0.27728358803325126,0.13728354395664857
0.7119357401157935,0.8383717106022118,0.7322843756332024
0.29717314828747077,0.1339357375415944,0.16539138723782862
0.8895396396775775,0.7667803973255511,0.7937282340535057
0.2053049568976153,0.27887793918322135,0.2864969634376356
0.8324323967368032,0.7858653816372497,0.7983632889611764
0.7253742149853358,0.7813708635029006,0.8002808287933076
0.7314892048906589,0.7474293424813008,0.8525265195902169
0.7023219606600155,0.7916752803777078,0.7258137570274694
0.799309270015464,0.7687191309380996,0.8902383980960007
0.8844992212580007,0.8967814253361541,0.8680795200987781
0.02517028268828524,0.16296324030510537,0.18579310795644888
0.2791137166187132,0.10869990652921774,0.21641455248707958
0.2100299402950723,0.07232692789496772,0.1706199941371831
0.279922872383717,0.25408811888596616,0.10333790177332443
0.8997665848450652,0.85322949895183,0.8557540409568088
0.8136545481550936,0.8641636298732074,0.8135997579317154
0.8854506932783087,0.7643746744608211,0.8905106066975143
0.88753124103565,0.8572620995761284,0.7066971807272856
0.7896163516175427,0.8015130899774324,0.7886145361002557
0.11716313704121079,0.26161168973907556,0.05874269333834964
0.12416249157797958,0.010492928948569857,0.09168604507722862
0.7162146429401551,0.8943866325160454,0.7192860656680017
0.7901237952500471,0.8245242499349889,0.7728024702702431
0.11480984683359564,0.22272338636211797,0.26713834300848804
0.026624603084008058,0.07518422584337034,0.17301705357227332
0.877711548369241,0.764502378007702,0.7203658535105943
0.8747128202230328,0.7141564781610411,0.8776499992668477
0.8244738150059996,0.7919602565691176,0.7542175141946116
0.7578050191243896,0.8700056656237677,0.7811832144896594
0.2992677653290061,0.1381007477449206,0.06851447249580585
0.8806749782779003,0.711358975652835,0.799311646874102
0.8448167762965713,0.7397182178908199,0.8425326694053402
0.7656091151299966,0.7076259694824183,0.8193363727362578
0.8908807030740984,0.8087403345170482,0.8644655738998919
0.8004529632931787,0.8341778559476303,0.8710561029281109
0.7240334362568218,0.8215082552034234,0.8671854107362065
0.8032899900659335,0.7880467053771859,0.8348318727041757
0.8900725170604851,0.7212552602716616,0.7939147267217428
0.274652282548555,0.19085966208686053,0.09533042958900143
0.7044985613457931,0.832956857651854,0.8394634505402707
0.11180042810697138,0.18718840388879662,0.11337631109226393
0.7533900307968364,0.7059953819271781,0.8998217268311062
0.03830532367533405,0.022395580574323348,0.09362597926875893
0.7964511102433581,0.7577941565895752,0.777088342421183
0.29300574269849716,0.23388914574243286,0.19284190221440783
0.22595656024527122,0.2684553902890858,0.24260266132031222
0.7254762071600916,0.8139218311610291,0.8086018124762238
0.7350544088886578,0.8069426687284234,0.7678688389829184
0.16478779929160794,0.2091822884551554,0.18437717169523507
0.255708850587236,0.1887911783332218,0.08203687418376417
0.1121130809114157,0.03663756984127724,0.28568096129316806
0.8262684210804725,0.7997194413858657,0.7118613912234203
0.1857907841782378,0.13254500105042752,0.2808183553352921
0.76611340731461,0.7830057420522082,0.7185253702429633
0.8206712487297417,0.8174338556849681,0.7173170981139647
0.13907525075240587,0.0990520325424851,0.19165070153913866
0.15278438929217764,0.2773603661999153,0.08496229042976924
0.8784690028236033,0.8152548150277561,0.8226240429368517
0.874571734989559,0.7892027568263483,0.8744768070653737
0.2836935369939399,0.07798850048406648,0.004561098148805487
0.2768620272313195,0.005516901702155441,0.29659680655363063
0.16420351314796566,0.05530183025273947,0.28412684095322216
0.7383592607592457,0.8090813107854581,0.7110759391318655
0.15191775402314162,0.20000029181948406,0.11863518474665906
0.8439713959489097,0.7396388842044831,0.8365834121754748
0.8704863268970326,0.7160599084666198,0.768113031896855
0.7588094766850094,0.8965592230379125,0.8717041078119132
0.2410938543947723,0.06175812979249473,0.2732397889949803
0.2663515067023177,0.2972902812065536,0.29141776370486777
0.13990748013106827,0.23564440741250733,0.07139171357951488
0.8045785952864606,0.7203126153436261,0.760734139216938
0.11203889968116737,0.2128364173461667,0.12737974941221344
0.2335532847147509,0.20940917421490773,0.027172122481257787
0.09746931721948246,0.18826854218226244,0.25707931536715706
0.2802394879393641,0.061120015644379355,0.2683342536065472
0.7406695634972416,0.7849805440571702,0.8682727616962242
0.09899894618747161,0.07194782761397953,0.21774453654414028
0.23837000609576742,0.15167234652990935,0.07274308663511178
0.736115073341604,0.8061992446943312,0.8869558856066326
0.06796636030626686,0.2895982252554783,0.19328759583952076
0.8139748828660066,0.8940185995855819,0.8180937572319101
0.8474839915011259,0.7250132606648979,0.8133400510669376
0.1647473350658136,0.22561639336277128,0.04871544030508905
0.01954519640652832,0.14216454295987327,0.09732452715636482
0.8290464322373279,0.8211136870455085,0.7182189331950757
0.179620388031086,0.059478856291089996,0.056378967415140334
0.8369778913782528,0.7525831933766116,0.76859330328228
0.25923954581976244,0.28975521285180644,0.04485204255262626
0.24902968209839696,0.23762444454727044,0.2758360017197647
0.7101308950504375,0.8073939999558617,0.7902682666306875
0.07830170853408631,0.21194646777950907,0.061546330075371025
0.897975315553991,0.7884996157866208,0.7058696684212044
0.2674078821316289,0.10055625335913938,0.1416308981197963
0.8917756815791404,0.7648001129512328,0.8568572675614236
0.8776678378350704,0.7780070193137341,0.7266020493438128
0.8381485823609974,0.8489327104308233,0.8229244541352024
0.7133725360675879,0.7653389007917858,0.8134089029042186
0.8158402603673346,0.7805984876856941,0.7329179869436966
0.16616229414172892,0.08439459883527232,0.1848993340822829
0.8194449498254698,0.8729712457729752,0.7202855911921782
0.10103840667335111,0.04080441958989519,0.26480193203779834
0.27645156972186036,0.06352431705575713,0.0993793332081262
0.2719530274645105,0.13979700828440642,0.1465763056400686
0.07646818258998812,0.1806111001842726,0.11202286840344085
0.03340138871828265,0.2187644801152319,0.004553964053371784
0.24291647376430833,0.18869461845884639,0.12777989615850724
0.19955390931559946,0.009285115323103842,0.09317949156225579
0.883604941408597,0.7608968144918206,0.8643034215033669
0.7801856928899096,0.8363362570655128,0.8954930346220338
0.2001506350597261,0.04444579221455845,0.279250020786355
0.1258419703453668,0.18935728304850896,0.2217698928214886
0.8768033001622038,0.7661634364897635,0.7824726574635509
0.7196693175665388,0.7736690678666724,0.7160002313396278
0.01639184198558019,0.1022941061887148,0.10301234566639113
0.21493432978475363,0.11200116777072756,0.030344039620785534
0.06310557573538135,0.02702732207423032,0.019459391652824752
0.26110939531812505,0.1592447237451205,0.017569950241417175
0.12163087570376808,0.15170138198476993,0.15700891910699483
0.25037379355251416,0.26332746397036655,0.12474549064787804
0.22855116552523266,0.08979592509102748,0.21649445296131575
0.14395925086451772,0.16409658987339906,0.14511001829259937
0.0893631256024615,0.12567612208478665,0.05549336619815946
0.1578139750080219,0.0946340917760602,0.11250670758108443
0.05153430356824442,0.050584054431191135,0.27379902489872393
0.8831720793637506,0.7323822859446125,0.8425506014612669
0.10882766736523979,0.2712908770239515,0.1903741485815273
0.14621399747501887,0.18166660762237238,0.1628015558827753
0.29221186941775146,0.03831375407491178,0.10927763321801619
0.26694045996553467,0.04562447645871152,0.10881369170526713
0.06369739061621926,0.28821694672131504,0.02778470708633538
0.7302802632759063,0.7009059628329823,0.7164875091024554
0.8826029008922157,0.8141517900418505,0.7871782581235035
0.22013308253518818,0.2282813494817906,0.2655744539465044
0.028120635677214234,0.051773162798379325,0.10297628127314326
0.15643469286796,0.2469213253833456,0.14554748610165683
0.2582707376609022,0.07344380654725353,0.278052689191506
0.7589029265052636,0.7505653666584096,0.7426245634051308
0.7405020907658801,0.81407714900296,0.7270183373785589
0.7243148928709892,0.8588735523596763,0.8584256702100479
0.16879787371884478,0.22825537488272846,0.2732765638334425
0.07432002352907899,0.17906329372673488,0.14109582043503685
0.025080202096780312,0.1263687220480716,0.08316484584591684
0.8744735458324804,0.7294104915225674,0.7404690449350482
0.8659576639653496,0.8564159184979901,0.7567614492053485
0.8700007846774668,0.8501540554712961,0.7596202508443282
0.04084932804060237,0.008367937657826074,0.07224304870786
0.8029770321202764,0.8592197726018,0.7519470056745585
0.05840271848507018,0.06833995305506237,0.12350114618780052
0.7881802374211095,0.7184699195703962,0.7463241494888021
0.2549923499503216,0.17547541282046666,0.050343116286465095
0.07206331151943166,0.08111025764292729,0.27309512891715854
0.0034743649720134218,0.2038086513008854,0.15103463204371362
0.7161764247593645,0.7000463584358383,0.8847625545145937
0.29334852934049394,0.2953940996533113,0.14955831649149678
0.8803254828362868,0.7551859720235795,0.7516945638928221
0.863353252626275,0.7428155328925928,0.8326358025529798
0.782797319947825,0.8882975495400875,0.838819269108428
0.09536626323675079,0.12472503953274719,0.11136212067277375
0.08635686557727251,0.2662524837101892,0.19282600167204908
0.21401275316587615,0.09998332817613977,0.1355237880997509
0.17877260039323384,0.16253657667098548,0.037670174414061376
0.2181192996843316,0.021444428617756583,0.18899319622325447
0.009100007367883101,0.09845368133163614,0.21413156569763336
0.27413569502928153,0.11733075376378882,0.2990301127470241
0.2505481428284353,0.24126414311290834,0.10508570190884144
0.806276788962295,0.7031202248682131,0.8541328599832088
0.23751854115703927,0.10318749757073195,0.015081744280677866
0.7482143599818515,0.8436352816460445,0.705752080365143
0.7727222006736708,0.8410362739531492,0.8026718587315624
0.8453484862563343,0.7926345210529171,0.7421969332795075
0.12293039818933849,0.28177682654513403,0.21248454825220328
0.8220933969449764,0.7980787216449126,0.764534045226534
0.7112618934200451,0.8950102222965838,0.7404479614559422
0.7349493805955771,0.7660766479399277,0.84387376541902
0.8116543904686746,0.7835668750744982,0.7934258870460008
0.8664599283513144,0.7208747135112135,0.7222769078505189
0.7679218513338906,0.8541377304044059,0.8305871948505494
0.20580045644410608,0.19812645148358024,0.05092149135154321
0.7967355096015978,0.8841600057206933,0.8381228311961165
0.7213741642684087,0.8778756540591608,0.7109475101767817
0.2755537169254147,0.2142375082801166,0.29874801465312767
0.05831834886518217,0.007409877473540538,0.2961474314786416
0.16075409369757612,0.008185302026745677,0.22419725596286574
0.8483846911152533,0.8477722794073185,0.7211192975849924
0.04474553966832163,0.001867665447276423,0.11262898344730532
0.8592170827644989,0.8768734536162894,0.773733143023891
0.7220611057440524,0.885986330475744,0.7876555335182045
0.008693196671145232,0.047981872829006886,0.010261737039974527
0.25876262574538117,0.24612301691037589,0.14206165015952885
0.011255421896882488,0.2484835950508387,0.10008720631584296
0.8896631044970158,0.7052418337607524,0.807739392969772
0.7533745701229043,0.7338411777158909,0.8602321880753806
0.0066656833306832025,0.1778205188524472,0.20660832719324035
0.19374977879515956,0.02538343225995535,0.11643786467892847
0.29891172609578376,0.010058288005917626,0.21842570600771374
0.8861220367120615,0.8808810950151118,0.7007949345434442
0.14763712782769153,0.19105819192945006,0.2870437793770086
0.05247352585154871,0.2105065093329,0.05769516030727969
0.754410007832208,0.8254396636280872,0.7957739378073934
0.8394141142228416,0.7908023553473933,0.7100987692017178
0.7301401008688041,0.8632466815739755,0.7509082701014517
0.7583656885293778,0.8282556692083012,0.8779357270333408
0.2856724510942499,0.22901754804237215,0.008654050383337508
0.2003192270724554,0.25459258355968634,0.06440409861318794
0.05108824792704135,0.1541655741119036,0.03744839015292902
0.7986891129156778,0.8685518429750607,0.8389703049411431
0.17371010387155586,0.260811153463446,0.23660273223327022
0.8050155308584869,0.7310524235764357,0.7189339857274009
0.8862807768167054,0.8004158587155046,0.7202694226454963
0.7283728441909447,0.7077158614722027,0.7916025359851014
0.8235359174602315,0.7855263210123439,0.8070709025927655
0.8749342388175552,0.7489521375491198,0.8618745103833022
0.8193376963785667,0.7208233361561861,0.7898201366250108
0.7883591413560723,0.7796038810055681,0.841283530966874
0.10564355287386686,0.2004547806976276,0.09371476782345214
0.2292501716174071,0.05864172904254021,0.002846409258343807
0.09067357688035638,0.17640335258698847,0.17543190507582465
0.7126322665713289,0.7531281740154304,0.7615151022834986
0.809273311286646,0.7061649675532864,0.7914679017738044
0.7970226515496815,0.7649045635576361,0.7914453031942887
0.12587970599453285,0.12163171581462684,0.061860138171199626
0.040988997121047796,0.18201777154847912,0.28907883512687166
0.13745992896741296,0.2635424395902803,0.0397231469888959
0.1964372773373033,0.1379767754726532,0.2441595003006873
0.013684265210821488,0.25611203590607073,0.16613018112983252
0.20207880597431335,0.17354274064233308,0.21958417599208713
0.7074329968878998,0.8370972943305304,0.7768479741333594
0.8145422989277853,0.7077419753135359,0.7510060096744431
0.8341525780657104,0.7356228975794983,0.7756477878196217
0.8258591227682481,0.7975040199118353,0.8932367183815694
0.13618006684412473,0.07099685320046525,0.0546275724032394
0.14218907825214877,0.22084953253347353,0.049372208036253425
0.16317064850466262,0.13485813898550106,0.2599466818433392
0.8622452184423932,0.7568825389206241,0.8591143263573771
0.8166979402285265,0.8118841687173677,0.7502280081040082
0.28334602159966243,0.06770736316517441,0.06576429269540991
0.198112484751394,0.27396746560821555,0.03793197922605137
0.25615268217251985,0.16215355210916751,0.08571264332626839
0.8228785115346076,0.7327137777298547,0.8367866615519101
0.24945679429524492,0.21958772923354633,0.11707827016370428
0.738241113929821,0.7225139188831662,0.8473160544450021
0.8800816417848811,0.8376662500287062,0.7694335161509914
0.19343050861871605,0.23611924802661577,0.10134853419219682
0.10687935643329419,0.2957955519365157,0.2985287196495121
0.19544832529618433,0.0029193171861679355,0.15799253745104683
0.8865529407064683,0.7332331470818113,0.7013739755687884
0.1017730471412591,0.02111659373996061,0.15091026487462358
0.19508211521510466,0.22244575310783754,0.17532266885447725
0.7600897007842481,0.7841641910513678,0.714469070115877
0.1023706155592446,0.21782690627778536,0.2983977673355969
0.12123583503048602,0.08642120604419475,0.29942853937117225
0.29152408783326217,0.1784542673592083,0.16881823523280903
0.7940254262421962,0.7594511405194265,0.8525434071606648
0.10897737255311289,0.05953478477762661,0.21168310974138244
0.1688388706080128,0.1903121923405938,0.2219601040858029
0.7345668998818602,0.77103908625277,0.8320242224804943
0.034308841067751214,0.07182941889479623,0.27228272492653655
0.8694514576454176,0.788349790254218,0.8235300682481467
0.7503037512847198,0.8455431661386996,0.8345340464664459
0.7543936526738443,0.7237799712665561,0.8853415806769951
0.245553499666247,0.23917434888861358,0.18437191267956535
0.07712454281059679,0.26156755233775886,0.26451973654103184
0.2417884229171895,0.1810819059781882,0.019492793297035592
0.7402667285945823,0.7431108357823132,0.793643149870692
0.20271537116999155,0.012245402996894672,0.08325192369127056
0.21806371347986084,0.04800515382835456,0.003561846130541446
0.7183695433479448,0.846158271883967,0.7088381502072656
0.872499677211014,0.7935230230596588,0.8401730465025209
0.20584744002452904,0.24823759752085095,0.2895279845493119
0.7164253705209622,0.7895606290719459,0.8472584617512278
0.7526227297615563,0.7032697571127843,0.7148303708390551
0.844857048164988,0.8442996834235857,0.8597979237607897
0.7825212968802351,0.7149280644924183,0.7982094114772234
0.027140281085975503,0.22930867995705392,0.07830289410869443
0.7580912937509339,0.8058981442291552,0.8685192927582134
0.20996894963289706,0.12585477023082678,0.18802901927731142
0.07902883365825274,0.025718947499527623,0.08399999374317015
0.894106886183814,0.865164003156302,0.8192177335447407
0.09678999150712955,0.013667576435830008,0.2082127783351987
0.1909359956801133,0.09646417524639223,0.0457806251364753
0.2856537823020122,0.2696397805335168,0.10595486986267307
0.04050944297681875,0.20818041963153136,0.11459460448190273
0.08800968127759676,0.197634765202417,0.16365867760438377
0.1619002795050588,0.050212215491570296,0.007359206704587628
0.04420731759828911,0.24125329862232886,0.2213055810565327
0.07491938462752223,0.07393278397409866,0.2736132487987258
0.82974961460589,0.8208625349178892,0.7853870764122526
0.7057702248607318,0.8390952524124821,0.8730720450360921
0.7606547924900792,0.7882041918242496,0.7579199101372108
0.7426077900509289,0.8433573340967319,0.7262577588002744
0.8917465498949638,0.7663975508810108,0.7435123048455388
0.08125847181609346,0.20873306209640005,0.04657239686278318
0.8702802882877047,0.747463983818595,0.8270079887349707
0.07712804764793318,0.2801235090796807,0.014925671703729892
0.7908344981111033,0.8807917021115623,0.8382849904739389
0.1534473595737519,0.19664101149735264,0.20260093303449653
0.005639538188468063,0.030099798920596287,0.2267724522624049
0.061746128279895104,0.016485313791008028,0.022877972662343194
0.7019483063530924,0.8280930674651654,0.7558948288195926
0.01890345035562343,0.26644320981801795,0.23174865136987846
0.1756862311919203,0.04222620731017871,0.08769369656522272
0.7234234310854158,0.8848010982325496,0.8159483300939789
0.2197428951281568,0.04505123412355182,0.2618530890764675
0.26831277980181467,0.21050253306507954,0.29357561677815547
0.23197112936767753,0.2772267212262122,0.06331923390791941
0.7350903673920155,0.7723790050744613,0.8403014099494082
0.7424021742706717,0.7902494448716111,0.8800375048425838
0.2377624739498549,0.2262281468414176,0.10846165437707511
0.05210979076053746,0.06359712106427737,0.2794966492509848
0.03634418393174549,0.06008547063754191,0.21035210128303594
0.25573476906260495,0.15184610649364713,0.2681730583102304
0.8777421904053565,0.8924970890819908,0.8440474424591731
0.1411936339396415,0.23419434274739476,0.2585999167475189
0.7647012325922465,0.8333145434669951,0.7323470981407374
0.2385849111023717,0.0026229975676024474,0.29670694569958195
0.13691799791157902,0.2017919629150226,0.2811942457273773
0.8590132638669344,0.760085454782153,0.7911395660351709
0.06740772273763075,0.23011151794386475,0.10786139461048704
0.8476376573436026,0.8827888948473562,0.86467955857812
0.7843782918568891,0.7458548563168447,0.7541895060315711
0.8743200044144572,0.759493457156081,0.8420210317621386
0.7243308425523282,0.8352446748832881,0.7701488792034248
0.2938357965590074,0.12814636847298244,0.07875287416480481
0.07306983497750182,0.06426946468834005,0.2839091688517482
0.7658738805371206,0.8425185179177757,0.7477937627729072
0.09710841775142616,0.05783193958411704,0.18052892380509844
0.754007354073887,0.7444312412865468,0.7807870524944
0.7570776780798519,0.8246058829434303,0.7357825637605588
0.2612701749386852,0.0658151735495556,0.2882925668538321
0.8541083826233328,0.8463094649930197,0.8487289876165782
0.0411382685213191,0.1712053107374044,0.16122029910513688
0.7458670210765617,0.7349717127112417,0.8387947618858548
0.713117569630095,0.8607064975161224,0.7116669379909943
0.7337782192551057,0.7558694068501581,0.8869906038669617
0.8127158827701936,0.8683007877501844,0.8514736505928171
0.793444955993865,0.7772082776452668,0.7349442255122663
0.7675056944792957,0.8499066566881313,0.7016348103681341
0.2768298653632865,0.272230493983163,0.27133380827429293
0.8379056329395631,0.7447701197759644,0.7271286649506241
0.2218730745037315,0.14500261290982633,0.038412618994690846
0.2412732769645605,0.024746188736499475,0.2460462898096901
0.22896609020727035,0.2541187371147921,0.1485932656730178
0.778655844873853,0.8370837638482047,0.8311277587646746
0.23464298193238559,0.2653921707277664,0.2364749434335611
0.15306326594171177,0.0009356376780905617,0.024902000776672196
0.28643671842309126,0.004525009041303041,0.0713938451411645
0.8414741704652844,0.874559956459003,0.7208539079943015
0.8129857373150344,0.743532335824244,0.8681059585845997
0.0508325744533039,0.2995256319458351,0.12203967927249872
0.09701382792666285,0.08651787924233607,0.033578659134899276
0.7295621688114384,0.7667452524968946,0.8543538022230921
0.7308203962543676,0.808461672474989,0.8708240702988475
0.7675123975462865,0.826046389816766,0.86470233102935
0.7286091548411211,0.7000015716095401,0.8844672082925179
0.7974016023696782,0.8148366919351354,0.823843340168162
0.8768126583394192,0.7450685976036903,0.8170052728629941
0.18748967966821314,0.24530987672850463,0.2310067834827696
0.27324789823769136,0.1814694678450111,0.2952421734338025
0.8214801437256181,0.7064868741726296,0.8878651839205486
0.1534522905614046,0.1971270597921362,0.2234444687273192
0.03491447143352772,0.16730783703716182,0.0894010504096138
0.25181189584725033,0.24997462255011332,0.006331262062150888
0.8742060948341372,0.7864839142065516,0.7647766671718701
0.006428992973509362,0.24558450366948187,0.25253321919053684
0.06468280571482571,0.10217608042064098,0.15777954547808562
0.25819666595143,0.16233324358647763,0.1752315463539591
0.22358837512888388,0.0716346522796793,0.24921518316078617
0.11444102595418855,0.02920472013649734,0.07096621869916749
0.0031123757911207584,0.024399680557193538,0.008345169792744911
0.8317046317646456,0.7009267243365344,0.8820704712108162
0.8807033999668809,0.819271355546587,0.8034431866283567
0.7056592821911644,0.8778422709517544,0.7899833569273835
0.18299926854137502,0.20111713181183155,0.12940013422336102
0.8499074758502119,0.7648060523090269,0.8027992151663964
0.7918325554857377,0.7181218912900355,0.8329507396849634
0.8034197181924829,0.880417845139753,0.8021386378579147
0.06012789190227985,0.07167925856929357,0.2504119101476561
0.748131798081783,0.701872840150882,0.8951751697055506
0.27826933230614315,0.048362184768676805,0.09155781627106137
0.29184339033437806,0.030455760073474468,0.12224510888657035
0.06254015935656808,0.07677991027282911,0.1222565008922922
0.19931333135892618,0.17458960073873267,0.07215021145858702
0.29138178096524026,0.09572753939683902,0.2412547373107606
0.7820173424258188,0.7474525643520079,0.7456492282718667
0.8329890725805544,0.898428815904561,0.7547825242238865
0.8956373137785083,0.8498226029230491,0.7596767724245863
0.7535611311136927,0.8138806230499916,0.7539603331989331
0.847866626395003,0.8638647399621203,0.8266546978586897
0.7152796927967344,0.8308619473400656,0.8105559560843988
0.8703888265005616,0.8622818756111019,0.8652488039731059
0.7532687407107519,0.8442881370176561,0.8649354677966746
0.7983447617310879,0.8467261962238491,0.7852843537334784
0.12792358212268215,0.18703834795936666,0.015739587249334885
0.7723235289284072,0.7823556291506328,0.8536594268588994
0.06275034919530628,0.015605820907603972,0.16893420791370753
0.1361961582033379,0.2774762060296654,0.18074711464622983
0.1913958565093525,0.07814304609330691,0.23155562944455976
0.1397624212171137,0.013410479773227702,0.10794935775638194
0.24367766254558385,0.13572095547024343,0.2406234030949525
0.702600822259861,0.810675166320123,0.8173651565567194
0.23668827038818785,0.08848830276399178,0.005420722954670165
0.8225349432399539,0.8104218441101025,0.8500691874610958
0.7850129993198264,0.7215697386720076,0.850179110175822
0.13493476648558658,0.13611262300846064,0.10579085135079117
0.778695003879584,0.7836643482364412,0.7500623653889005
0.881517718595771,0.8508005115450696,0.7310720972556584
0.7694949521473311,0.8595380288030073,0.76924488747498
0.027495167072429525,0.2790682011055226,0.1549304718893844
0.05345832281025735,0.10270155572731032,0.2623756085231684
0.7688743043839448,0.8786506560840358,0.7563253894294606
0.8937341390808431,0.7695431874186077,0.7390733441915223
0.8281644522653785,0.8775455139208866,0.7028547418375483
0.8082148977633405,0.7758767327812255,0.8873459464362303
0.1113991113327119,0.24927451324257452,0.2867597361978612
0.08206798443983139,0.21329227759141758,0.12590115548078304
0.7118069545896677,0.7439718703121175,0.8363076418186347
0.02582469672948585,0.16235380748516082,0.03827956594421756
0.016188612350942554,0.19313477771563986,0.06257892493372026
0.8316544474932722,0.8262862371728159,0.7186615896804541
0.2366684853610696,0.24172125170472578,0.26440736208920435
0.19050097079759,0.15738010940522426,0.10984870411021287
0.27991505241044423,0.0756105774913592,0.2251486151721589
0.08001441889330368,0.03747200167783186,0.15579913364733547
0.7961037569076865,0.7408389752850365,0.7950971625774248
0.7105759016895477,0.8067618551360233,0.7235300692444258
0.7802042039329271,0.7051416457039165,0.8865924511406581
0.868606342222757,0.7639910176169391,0.7085838557400577
0.7031933530295784,0.8502614182746399,0.7958188773787928
0.8011112530135869,0.7043111600656661,0.774660045772615
0.7581321154510026,0.7355227580414949,0.8444814919363384
0.28754343450151626,0.1999576143303664,0.12230348390960236
0.2258880287776461,0.21372945637245702,0.23722024094565575
0.7953877223089488,0.7602829238576566,0.7898032124746828
0.8074374137773842,0.8188244862748205,0.7824257284266922
0.8764893785489699,0.7354675292439283,0.7901326728275927
0.05072750794390583,0.2923052716647094,0.28734634736204984
0.7975352887148937,0.8048872051961626,0.8519934306207055
0.13513810698237436,0.22088305601710873,0.15665103856732027
0.7356295694174604,0.8286098430593203,0.8487621862403658
0.829946000200005,0.857575964526217,0.896757619838267
0.7953049338182117,0.7314698923218313,0.8793590189612004
0.8982288639658698,0.7126842260130118,0.7054238689714841
0.8109001262300144,0.7814904721980893,0.858527213601456
0.06203001155643734,0.2947258235973851,0.2482498798303871
0.7897962532647214,0.8768317195943837,0.7430029682768702
0.8742979814577799,0.7484747191329933,0.7346616753125018
0.10192115411172704,0.2110499540878152,0.09215791461454162
0.7834031904752722,0.8066727592639498,0.8953853756664145
0.848210213133764,0.7777209861263588,0.8209015088762047
0.8911044205966825,0.7269404731817198,0.8638554349197645
0.8516367729369556,0.8123743914689436,0.8761911493998905
0.2837158509433467,0.04372932847542823,0.24144431334907476
0.10529746184332818,0.12097642774209061,0.034275515687777335
0.7149657205726357,0.7229864670276925,0.8358814015687306
0.7120152685683119,0.8612897996960398,0.746004131395449
0.03848941168334543,0.013019542459880207,0.018221684672733007
0.06802328803789721,0.2385185442044663,0.05586285180238432
0.2627838164543398,0.18946974079957427,0.25095336956250114
0.7161958765244447,0.8116615318511055,0.8963868978680383
0.700735122717585,0.7861421491289953,0.7589778988841885
0.23915102036305808,0.23654198346069583,0.24855605164646846
0.06824299291605547,0.1228824609983381,0.011806729592843346
0.27750381813876124,0.2027969738301996,0.19106801868778966
0.7630715410167176,0.8852934167964863,0.8670175700737689
0.2746958810520137,0.11042846627316256,0.254747550429889
0.26410910494849776,0.14309917675493802,0.17723538145276904
0.2360583358571816,0.16253886177884544,0.14019671418726756
0.85520421242287,0.8580322996799673,0.7327000940432089
0.23889400936171448,0.10974591776820959,0.27198337376095133
0.7735908870351749,0.7091804363627147,0.8618438920286767
0.8020007148922901,0.8321055247712741,0.7306918877317768
0.044351297371232924,0.26746492644359393,0.09570125145546754
0.8078398520934619,0.7081399952419769,0.8025018574152523
0.013077959040118792,0.25657200477659636,0.06111790740967977
0.20585970648710744,0.28747459878547704,0.1923518639417088
0.01636276429790354,0.006979677993842692,0.10567356902866133
0.07394955098553231,0.18446946245488777,0.1321633871040034
0.06846317361211282,0.17162736690703675,0.0923114147820196
0.808808144376089,0.8578721372849831,0.8061418630309047
0.2294273975704219,0.018415146893170198,0.08174449767265886
0.8335918239404765,0.8714249245517275,0.8609814229837252
0.07773293206383103,0.15127260728584285,0.1588210242488705
0.20222140728651222,0.20309283678883505,0.08956876763842947
0.03498767912703649,0.18066638292950746,0.2896478962667961
0.8759463696889821,0.7125689101637965,0.8091459426336961
0.1287157609130267,0.0410795582179511,0.03616640165041015
0.2413857284417666,0.15341994365129183,0.1420824472017385
0.0869309491707332,0.05431029489897022,0.06696344338547684
0.8828589817439432,0.7029940494741179,0.8173152993661842
0.8835241196459429,0.7152977301612726,0.8077041669062821
0.7581534102698998,0.751433971206558,0.7571109446087924
0.7034506771865706,0.8958415786312977,0.7343373350781792
0.18994756874437096,0.27212751397291984,0.1641827503193268
0.16585918019063023,0.018831934113307802,0.06541861137512517
0.24682142118826725,0.1112777717200957,0.12255179485844156
0.022762390338160198,0.07727892112723984,0.18752703580253238
0.21308956300134627,0.10564432249209847,0.27619912370997446
0.8976396315822444,0.8049564476063007,0.8427550225012326
0.8331083387418907,0.7209730539839944,0.8998907277875372
0.044132062665878366,0.08469150906502144,0.11318021949981182
0.12109526182156224,0.013859660399074191,0.18798022482365337
0.11705243269790105,0.2595093798923515,0.07717878356415671
0.8869163028238671,0.737169867834822,0.7609801212940291
0.7647188845595503,0.8777124071637367,0.7169926898289322
0.07577564994047571,0.26304584301815676,0.17059690786268714
0.19496093487105084,0.008358684656741033,0.14326143776363506
0.7116764337453202,0.7583929985854957,0.7703899913472032
0.7719307676975091,0.7135805430269822,0.7947688981535161
0.2671383282339663,0.2817567640107464,0.02115283583571229
0.853985890383809,0.7652889719024997,0.7700095277401707
0.7494572959235171,0.7041513510184354,0.8943633391906424
0.7446611040297716,0.7040468155300931,0.8368531670727466
0.7408443296336799,0.8203495659488527,0.7382276235602422
0.7889461101965106,0.7828392821021131,0.8671207532428757
0.16731316266782745,0.1272493956950728,0.06027634872543675
0.15771509620059979,0.08583627075588199,0.2101034914316686
0.11623988140814201,0.20526442247317533,0.0627517133196372
0.29567326707589403,0.2936046302539084,0.13487226769790858
0.8435075413685733,0.8414560822674393,0.86967842722639
0.1048474656161451,0.16317144940537695,0.23292051875701275
0.7124443386136202,0.8649874079479725,0.7402397151259004
0.1992324878824661,0.05665833726888043,0.062094763342688604
0.18407439729360534,0.21919719052567374,0.2566661516501233
0.8629071643584658,0.82198598283194,0.7283199960452656
0.7757302588170785,0.8440920361083316,0.7039064956490391
0.01952000069262271,0.05950125524259094,0.24729656920403864
0.13888813400194897,0.18303941454113737,0.012347391565538346
0.773854932933887,0.7829096726077895,0.7802593869751253
0.23418197016222242,0.18197467376175458,0.0782151051474408
0.7151508723478577,0.894921253426505,0.8507265225965783
0.7860295295662955,0.734039893686897,0.7262370515649025
0.022910488538246097,0.1324806902285251,0.2008383198337151
0.7916267781151598,0.7132864827834878,0.7130639699594568
0.8681730963747986,0.8736075300877391,0.7230590274504428
0.8863307369820643,0.7630171184358232,0.8683568173039511
0.8479363182973323,0.8761558746446343,0.8081048060484044
0.8196467016810696,0.8526179297583046,0.8173033506909446
0.7967525682861519,0.828968803147418,0.8015866878562106
0.1388470868206963,0.0109715875116828,0.12129210793011938
0.8563799600329388,0.760632078155403,0.7493560836065507
0.8891863517227625,0.7225713091223062,0.7436197698221598
0.23268444669367852,0.17193666002001373,0.18872667230666648
0.13203526552370662,0.10430496935637476,0.26481175530804774
0.7322239720152132,0.8247737518289894,0.7104977261928926
0.8050603888387992,0.7285316855903143,0.726502397780034
0.70166618387275,0.8053887200159555,0.8795705100505032
0.7393360971134998,0.7919328881773143,0.7450785741917151
0.7361831623323573,0.730386221068143,0.8009297584720635
0.8028344191844643,0.8032837300906599,0.8158568149857904
0.24335294705676655,0.2496717887601477,0.2470829356861187
0.8257302633733878,0.7680427784690846,0.8865673463253061
0.8208052114072141,0.8948874335146375,0.8860177945591046
0.8063790266723266,0.8610064050085696,0.7943672359945817
0.13322808404725445,0.2396345714136525,0.1907695183681921
0.811756030383991,0.7432100395835137,0.7434453323223721
0.08056418043475545,0.09215207544134375,0.008868578590403063
0.8025330295545463,0.8634643653774682,0.8760753312869608
0.8422229076557828,0.8254517791366869,0.8402100448600869
0.7450366564426868,0.7623998941801524,0.7125906607831813
0.7708036527891081,0.7079981343737118,0.8388148164277037
0.8446381597143445,0.772461724127394,0.8714345801859741
0.07978886495554621,0.16113128796315926,0.2721841819541931
0.7456400829424759,0.7662566130784265,0.8441439418388734
0.7855764637440752,0.7430332001902554,0.8415678024980364
0.2902619926099295,0.21910529033508935,0.02999371860334621
0.1431023191312171,0.07366134364223266,0.277368201161314
0.8879312931969026,0.7109350768576139,0.7605638661935626
0.06190534473513501,0.006590435520181459,0.2915354232331629
0.257841907176615,0.17807287475162872,0.22877843650763208
0.2600680885283504,0.24241305840077,0.0018262436679695403
0.7186802858485147,0.7264034019194104,0.8323746727113617
0.7603898243373097,0.8941232317161045,0.8821363992006541
0.7802439712126127,0.8074090045005122,0.765874490845306
0.7073792569155448,0.8807765406035136,0.8636369551480887
0.8432888812660932,0.7427900764180981,0.8660712751984692
0.25059540290914956,0.11849041611442405,0.16659843021588436
0.05143939943666374,0.20478739575841512,0.2879732524784842
0.0790716028087948,0.11882994757011439,0.2430201065224987
0.8727456446291091,0.7697725479478926,0.874147079059117
0.19320712698990591,0.20678838440444539,0.19985284513634716
0.7626664856323209,0.8686939965206846,0.7911437886963687
0.7439995910198905,0.7226195546233142,0.7636567663803009
0.7661428225860248,0.7528756552874143,0.7591887275294729
0.7175367800720354,0.7459538157718438,0.7463219950730133
0.7013769422299101,0.8155925502737864,0.7063678904779486
0.7910955727391925,0.7640919544225941,0.7974274917948766
0.7251422219081082,0.7342772825412361,0.8441014800119813
0.7867131709015823,0.899372683503683,0.8598802445272704
0.10993630896772592,0.0917668274503738,0.24934199594176068
0.850849544794326,0.7360265570304574,0.8198767963465567
0.7537735218255639,0.7607460295021565,0.7724863992057103
0.1623578778749613,0.11277120856616457,0.25696594463717864
0.11644538143849242,0.017839799480274744,0.0374677006861782
0.07584465498751632,0.16501314264391162,0.22945153946885513
0.26397616161623577,0.06049540808847328,0.051693877030366285
0.8943624525743439,0.7651002665369699,0.8744344133505024
0.806401328182901,0.8735588544846188,0.7424848762045715
0.021291542549218345,0.17240384792606125,0.1113869868224666
0.14962091341062975,0.2744516180342749,0.2558584189191751
0.8370471917430136,0.7658038504774027,0.7499928769895653
0.8305609504363306,0.8914414250746199,0.8474137620825627
0.19676486584510175,0.2571704919575451,0.27366543995049125
0.766717767744671,0.7342420477099044,0.8824185181982342
0.7456957275566237,0.7728315054622151,0.8630426186100307
0.09263104245076893,0.06670946465269197,0.2502504540791794
0.1539715057702015,0.027164351214192462,0.25004063437740925
0.7148726480957206,0.862406145367224,0.8722601952698998
0.7674815262434971,0.7283611804045611,0.8029970422101373
0.29740634314152814,0.07076442811482551,0.06924542264197338
0.1914739315178455,0.17510574265987972,0.101869731857963
0.8050393910721586,0.7772605044476483,0.8728452313697651
0.23791088211338646,0.22912638824376605,0.22418347428648322
0.21222204360243982,0.2910418199159366,0.09803915744027576
0.7513310539817185,0.7311317041786607,0.8384337802855311
0.806394858354878,0.7426695276084272,0.8938197041331009
0.20727455840608577,0.21370622992723162,0.011682144824273698
0.8292269489887294,0.7639953050524285,0.7805118494242529
0.815328150518961,0.8252773437216452,0.8320522764074523
0.7393644742144153,0.8502619604084664,0.8106502518221684
0.7599615547841398,0.7174640316974844,0.7266215707559092
0.7312908720593211,0.7782143937122372,0.814412957844493
0.05278107501529589,0.09062891157689267,0.09868269449663414
0.2294513013999571,0.16438095229081567,0.017722647696735972
0.8480255370019811,0.7764501193502357,0.8298821067053823
0.8126008382534895,0.7221635302442203,0.7376406090110299
0.09478251394749579,0.09940008812100373,0.0210325306224565
0.16562317909945523,0.1814079147178412,0.07321167757123616
0.27344788949035026,0.16472987130481434,0.16747910858388335
0.7375394121806212,0.8446791744814384,0.7353067701365461
0.7182718384387287,0.7120032160372949,0.7948503790396078
0.8361589233803145,0.8579240105204246,0.8283100885348715
0.7842105026201959,0.7051943670900929,0.8919717682015276
0.10468863130451637,0.05803585532005801,0.11405354642044377
0.7168649790442537,0.8835598665697489,0.8340799139949199
0.1603539899518483,0.09177831323305782,0.007252586272670124
0.7607240816944708,0.7127141089194613,0.7144448407598343
0.204703254345296,0.043557142491716605,0.19076439232524622
0.8537681167488566,0.8456798076061665,0.7949755497481623
0.8119972841698475,0.7350732258193653,0.8744405456808554
0.8141577317964428,0.8810581369802029,0.7542786164140097
0.012968357589998968,0.2660835244568315,0.2798100846442349
0.7387525111396176,0.856899789602376,0.7285691636298797
0.7561643127834923,0.8102666337338083,0.7529841216186807
0.7343856509816358,0.8509901003275344,0.8400135115969664
0.20538497330990996,0.16133413070290997,0.20702500269483937
0.7988222560973728,0.7297399921541015,0.8215502038330528
0.8228816102824823,0.806785125260651,0.7132213019919053
0.8742657721334048,0.807534303320993,0.8777449679349976
0.2953335895133904,0.08071822122441008,0.2871396280571715
0.893927317833971,0.8664309824357295,0.8161127681275728
0.8109648251878315,0.8377842086576539,0.8797560193659468
0.7126134576022186,0.8269647228853045,0.786325467524295
0.03661568041822749,0.10779650618939082,0.01058197652937084
0.15286426951514479,0.06427402755135271,0.15885084191531101
0.8729112345809604,0.7560442890454883,0.7223877501500751
0.8652883152315061,0.7118554185859307,0.7632751412453471
0.76660111183103,0.7978347017433182,0.8355428416619883
0.789162168720548,0.7174589498468361,0.7372404263666321
0.19652232758734925,0.06593119777187105,0.10485282781076362
0.28458159741673233,0.2007963768872221,0.20131811160432736
0.8425734423951138,0.8784976647638724,0.7192098300588997
0.7954644427914017,0.8200539454053796,0.803663645084317
0.10171562130358267,0.1276439875609979,0.02267998814504042
0.8472032793508095,0.7523547163257118,0.8069392763103428
0.7393173287052847,0.7547354969564678,0.8614427149145695
0.7449429676068262,0.7966957940008466,0.8610755119350866
0.22566695242297413,0.2810713775208104,0.2906951617183854
0.2955847051328321,0.22226990610510702,0.26016832235568776
0.7671438349734387,0.7694273669535326,0.8982451785122063
0.26345381630433745,0.18803256684167624,0.22546391509272548
0.8741592925480319,0.7203737296136494,0.7734172304745393
0.7125345947056528,0.7860342835985169,0.847041616265035
0.7658021494772242,0.8200126410832289,0.8954880940209978
0.012287569527737362,0.15891530950576682,0.10136122463229653
0.014132384394194663,0.11076393309530266,0.19687877515562016
0.052943110832755824,0.2970699516027373,0.1950349487109209
0.7995829415610075,0.7879823433027515,0.7264091285841658
0.8213516662297543,0.804853423540898,0.7363801947336007
0.24128575074312456,0.14535562106147976,0.07714832051168034
0.8938304896162601,0.7339520942808984,0.8538631955112804
0.1605298199034276,0.07649022296099903,0.1713213162907985
0.1022705672065337,0.253447663529262,0.1835638105188189
0.1894013246307605,0.11480612136869212,0.14494081886650495
0.25834418898899353,0.29699870575359527,0.06118833597446422
0.1561036234263528,0.24424653384920678,0.10060999634821187
0.10188201764825734,0.18917154618999973,0.030055281816116795
0.8107426323945888,0.7027018272825687,0.8259997194918303
0.1888551974281845,0.023369807726213433,0.03462401417790576
0.04878297078319364,0.09223336011391171,0.25380906458762414
0.07376655126688894,0.08362462650713821,0.08077285891543602
0.7889178021831074,0.8561478910985756,0.8948244930798801
0.8605177198131886,0.7990242152638876,0.7524159975480376
0.03660093562121434,0.2637093364349049,0.17313333239823203
0.7955413324732582,0.7625253776934433,0.7085003677779005
0.8208931872281401,0.818582949001488,0.7675207766857814
0.2581196591466835,0.1735490120337765,0.10511860890475924
0.2054100212199123,0.24046309591291415,0.017206871198571394
0.1825223930306986,0.24297998252495745,0.07970213008923561
0.07102149845459724,0.26853410786079857,0.18088936766216882
0.18017082458063538,0.23739361156974637,0.15607443261106768
0.7858513278169343,0.8977209372828588,0.8857244184180203
0.75996437775052,0.751165891306547,0.8926816011513117
0.7464370288931393,0.8897272050834193,0.8859267925691622
0.18809765172838114,0.05129258978460558,0.08707608370535279
0.7812557588736244,0.8608351350621195,0.7194218218488692
0.13825575190226833,0.16890419646086333,0.21007297315394224
0.07376124862876272,0.12294393779414343,0.26083759816467755
0.7408437426819501,0.8313073599062017,0.8350891425800093
0.07527505143665077,0.030126850501659252,0.16592653811386157
0.7777604849087573,0.8396113113272526,0.8438566262075351
0.24766662986052837,0.0017861310556318232,0.2587227425489324
0.01999057765029013,0.2472878444910334,0.06781318465713293
0.8038365775365164,0.8701695641773741,0.8826655131364168
0.8823946822867516,0.7887111124748969,0.8159117906042894
0.20804064258789504,0.06303052466589838,0.19287683476276715
0.7053047705382017,0.8649654912241797,0.8166047881266714
0.8332701729201561,0.7274064670556396,0.8215721428523028
0.8077596360320128,0.7162545439266792,0.7995153584056627
0.0226840015327771,0.2713065060658176,0.12644912695556237
0.7233543607965872,0.7835098470870311,0.7870746185252363
0.7926857948947756,0.8510980305762357,0.7808008322757476
0.8284993826979257,0.8362010335253689,0.8527523781846233
0.7100214080720526,0.8022581317620092,0.7653860957850449
0.7826634503274287,0.8268003197389119,0.8997630395083651
0.769000559800832,0.823113595117901,0.7126430691920862
0.022720046562654694,0.07245006293384235,0.08391629931225716
0.7076169019664864,0.8348496906688538,0.7820471389687715
0.8985429752807055,0.7685360237110718,0.7000142667589033
0.027153035899500265,0.22990791264006327,0.07056305384747005
0.7324138955272281,0.7398155274016003,0.7143624990971943
0.725546574506727,0.8351096683453578,0.8565897342346185
0.1456637661896021,0.2416531263831086,0.24689914759969622
0.045009418448481095,0.06374613525273895,0.05928500432851521
0.022683226605521467,0.23672587086729027,0.2654275281236769
0.19299944520467935,0.18509599132430676,0.21064638425407825
0.04871846774516279,0.24015913366758532,0.2814207977204198
0.7956075476898327,0.7283270267740675,0.7914381112498853
0.13502804901753923,0.003951496144872124,0.22239751942201447
0.8585849864714031,0.8192614323604409,0.8799643274472009
0.22081265827792224,0.2585924408186718,0.1433709513838813
0.1923424776218882,0.20885916084049239,0.08021431212880152
0.004264155036419759,0.28633605572725745,0.2578350844219845
0.27080668754599374,0.10700445254719025,0.00859763117865544
0.8515115096268838,0.8204406930349291,0.8268229939726361
0.16736785095286713,0.239349121831995,0.14020177411953397
0.10538914357806385,0.045436684632443936,0.048624600461644005
0.894674018516384,0.7434815864433486,0.8305124895254674
0.289145785850942,0.2040107011627986,0.22471151075545223
0.7401870287808182,0.7769821040403421,0.8430678521164686
0.23839035202235986,0.20158141294960064,0.1221579304749143
0.7206380104229334,0.717661669766879,0.8611149432056281
0.063790855503758,0.09784864794233812,0.03885950081342114
0.16104892888057543,0.2807775955346668,0.061212607493188284
0.061860947199091604,0.0925331682269344,0.14503479613719492
0.1713174095058752,0.21880354113474848,0.05646640227652011
0.7377844962656369,0.700860482617751,0.7560378805174645
0.8426517831515753,0.817805252511428,0.7595854528592715
0.10841029047865758,0.2777053869735253,0.22795542586491052
0.04444974280090264,0.18017679302078535,0.27997943685679993
0.046562091835455455,0.09372076966484666,0.19087872468241326
0.23991727167174737,0.01460951521785776,0.29419756093474797
0.708846870532692,0.87364238501664,0.8471258816871899
0.8818731261124506,0.7676354978597575,0.7621088297524794
0.8446410439308161,0.898000585766285,0.8438994188338205
0.19056921205197588,0.13810547069208495,0.060487489524581516
0.7394925869042313,0.8194513705313042,0.8317202779762971
0.1506254909600773,0.1584665301953075,0.01962964802834125
0.06772133546555022,0.25045999721139284,0.09744505794838275
0.051156323408249715,0.043271906477475454,0.27032020409253305
0.04317244911950467,0.1919302814596204,0.08052852785101561
0.8036126069261185,0.8534960196308037,0.740261648528439
0.8984200918409609,0.7848870020218451,0.8701796304724126
0.21431318216388637,0.2095447893540868,0.09601514016730804
0.17205591143297436,0.17311007969928882,0.09442300950045619
